{
    "_id": {
      "$oid": "63809341087dd593afc220da"
    },
    "retailer": {
      "$oid": "63775dca4a8310467a90f33d"
    },
    "dynamicFields": [
      {
        "fieldKey": "ean",
        "fieldValue": "90162909"
      },
      {
        "fieldKey": "productDescription",
        "fieldValue": "Energy drink"
      },
      {
        "fieldKey": "unitSize",
        "fieldValue": "250 ml"
      },
      {
        "fieldKey": "opco",
        "fieldValue": "Red Bull"
      },
      {
        "fieldKey": "description",
        "fieldValue": "Red Bull Energy Drink wordt wereldwijd gewaardeerd door topsporters."
      },
      {
        "fieldKey": "points",
        "fieldValues": [
          "Stimuleert Lichaam en Geest®",
          "Bevat cafeïne, taurine, vitamine B, suiker en water",
          "Het suikergehalte van een blikje is gelijk aan frisdrank: 11g/100ml",
          "het cafeïnegehalte van een blikje is gelijk aan een kop koffie: 32mg/100ml"
        ]
      },
      {
        "fieldKey": "optionalDescription",
        "fieldValues": [
          "<p>Red Bull Energy Drink wordt wereldwijd gewaardeerd door topsporters.</p><p>• Stimuleert Lichaam en Geest</p><p>• Bevat cafeïne, taurine, vitamine B, suiker en water</p><p>• De hoeveelheid suiker in een blikje van 250ml is vergelijkbaar met frisdrank: 11g/100ml</p><p>• De hoeveelheid cafeïne in een blikje van 250ml is vergelijkbaar met een kopje koffie: 32mg/100ml</p><p>Energiedranken van Red Bull zijn te drinken als je onderweg bent, tijdens colleges en studiesessies, op het werk, tijdens het sporten, het spelen van videospelletjes, of tijdens het uitgaan, dag en nacht. Aluminium blik is oneindig recyclebaar na verzameling. Gooi je blikje daarom in de prullenbak en help zo het milieu.</p>"
        ]
      }
    ],
    "createdAt": {
      "$date": {
        "$numberLong": "1669370689493"
      }
    },
    "updatedAt": {
      "$date": {
        "$numberLong": "1669370689493"
      }
    },
    "__v": 0
  }