[
  {
    "ean": "9002490100490",
    "title": "Red Bull Energy Drink 4-pack - 4x250ml",
    "productStatus": {
      "status": true,
      "message": "Product successfully found based on ean"
    },
    "foundStatus": {
      "status": true,
      "message": "Product is successfully found online in the Jumbo webshop"
    },
    "requestStatus": {
      "status": true,
      "message": "Product snapshot is successfully created in IsItLive"
    },
    "processTime": "6926ms"
  },
  {
    "ean": "90162909",
    "title": "Red Bull Energy Drink - 250ml",
    "productStatus": {
      "status": true,
      "message": "Product successfully found based on ean"
    },
    "foundStatus": {
      "status": true,
      "message": "Product is successfully found online in the Jumbo webshop"
    },
    "requestStatus": {
      "status": true,
      "message": "Product snapshot is successfully created in IsItLive"
    },
    "processTime": "1216ms"
  },
  {
    "ean": "9002490100193",
    "title": "Red Bull Energy Drink 6-pack - 6x250ml",
    "productStatus": {
      "status": true,
      "message": "Product successfully found based on ean"
    },
    "foundStatus": {
      "status": true,
      "message": "Product is successfully found online in the Jumbo webshop"
    },
    "requestStatus": {
      "status": true,
      "message": "Product snapshot is successfully created in IsItLive"
    },
    "processTime": "1243ms"
  },
  {
    "ean": "9002490100094",
    "title": "Red Bull Energy Drink 24-pack - 24x250ml",
    "productStatus": {
      "status": true,
      "message": "Product successfully found based on ean"
    },
    "foundStatus": {
      "status": true,
      "message": "Product is successfully found online in the Jumbo webshop"
    },
    "requestStatus": {
      "status": true,
      "message": "Product snapshot is successfully created in IsItLive"
    },
    "processTime": "1621ms"
  },
  {
    "ean": "8728500998826",
    "title": "Bullit Energy Drink 6-pack - 6x250ml",
    "productStatus": {
      "status": true,
      "message": "Product successfully found based on ean"
    },
    "foundStatus": {
      "status": true,
      "message": "Product is successfully found online in the Jumbo webshop"
    },
    "requestStatus": {
      "status": true,
      "message": "Product snapshot is successfully created in IsItLive"
    },
    "processTime": "1211ms"
  },
  {
    "ean": "8728500002714",
    "title": "Bullit Energy Drink -250ml",
    "productStatus": {
      "status": true,
      "message": "Product successfully found based on ean"
    },
    "foundStatus": {
      "status": true,
      "message": "Product is successfully found online in the Jumbo webshop"
    },
    "requestStatus": {
      "status": true,
      "message": "Product snapshot is successfully created in IsItLive"
    },
    "processTime": "2247ms"
  },
  {
    "ean": "8728500004275",
    "title": "Bullit Energy Drink 24-pack - 24x250ml",
    "productStatus": {
      "status": true,
      "message": "Product successfully found based on ean"
    },
    "foundStatus": {
      "status": true,
      "message": "Product is successfully found online in the Jumbo webshop"
    },
    "requestStatus": {
      "status": true,
      "message": "Product snapshot is successfully created in IsItLive"
    },
    "processTime": "1646ms"
  },
  {
    "ean": "8728500999922",
    "title": "Bullit Energy Drink suikervrij - 250ml",
    "productStatus": {
      "status": true,
      "message": "Product successfully found based on ean"
    },
    "foundStatus": {
      "status": true,
      "message": "Product is successfully found online in the Jumbo webshop"
    },
    "requestStatus": {
      "status": true,
      "message": "Product snapshot is successfully created in IsItLive"
    },
    "processTime": "6925ms"
  },
  {
    "ean": "9008703000717",
    "title": "Bullit Energy Drink suikervrij 6-pack - 6x250ml",
    "productStatus": {
      "status": true,
      "message": "Product successfully found based on ean"
    },
    "foundStatus": {
      "status": true,
      "message": "Product is successfully found online in the Jumbo webshop"
    },
    "requestStatus": {
      "status": true,
      "message": "Product snapshot is successfully created in IsItLive"
    },
    "processTime": "2811ms"
  },
  {
    "ean": "8728500999939",
    "title": "Bullit Energy Drink suikervrij 24-pack - 24x250ml",
    "productStatus": {
      "status": true,
      "message": "Product successfully found based on ean"
    },
    "foundStatus": {
      "status": true,
      "message": "Product is successfully found online in the Jumbo webshop"
    },
    "requestStatus": {
      "status": true,
      "message": "Product snapshot is successfully created in IsItLive"
    },
    "processTime": "1894ms"
  },
  {
    "ean": "9008703000618",
    "title": "Bullit Energy Drink suikervrij rode bessen - 250ml",
    "productStatus": {
      "status": true,
      "message": "Product successfully found based on ean"
    },
    "foundStatus": {
      "status": true,
      "message": "Product is successfully found online in the Jumbo webshop"
    },
    "requestStatus": {
      "status": true,
      "message": "Product snapshot is successfully created in IsItLive"
    },
    "processTime": "1697ms"
  },
  {
    "ean": "9008703000625",
    "title": "Bullit Energy Drink suikervrij citrus - 250ml",
    "productStatus": {
      "status": true,
      "message": "Product successfully found based on ean"
    },
    "foundStatus": {
      "status": true,
      "message": "Product is successfully found online in the Jumbo webshop"
    },
    "requestStatus": {
      "status": true,
      "message": "Product snapshot is successfully created in IsItLive"
    },
    "processTime": "2290ms"
  },
  {
    "ean": "9008703000724",
    "title": "Bullit Energy Drink suikervrij mango - 250ml",
    "productStatus": {
      "status": true,
      "message": "Product successfully found based on ean"
    },
    "foundStatus": {
      "status": true,
      "message": "Product is successfully found online in the Jumbo webshop"
    },
    "requestStatus": {
      "status": true,
      "message": "Product snapshot is successfully created in IsItLive"
    },
    "processTime": "1437ms"
  },
  {
    "ean": "9008703000700",
    "title": "Bullit Energy Drink suikervrij passievrucht - 250ml",
    "productStatus": {
      "status": true,
      "message": "Product successfully found based on ean"
    },
    "foundStatus": {
      "status": true,
      "message": "Product is successfully found online in the Jumbo webshop"
    },
    "requestStatus": {
      "status": true,
      "message": "Product snapshot is successfully created in IsItLive"
    },
    "processTime": "2424ms"
  }
]