[
  {
    "ean": "90162909",
    "opco": "Red Bull",
    "productDescription": "Energy drink",
    "linkerStatus": {
      "status": true,
      "message": "Linker successfully found a product based on ean an description"
    },
    "foundStatus": {
      "status": true,
      "message": "Product is successfully found in AH webshop"
    },
    "requestStatus": {
      "status": true,
      "message": "Product is successfully created in IsItLive"
    },
    "processTime": "895ms"
  },
  {
    "ean": "8728500999922",
    "opco": "Bullit",
    "productDescription": "Energy drink suikervrij",
    "linkerStatus": {
      "status": true,
      "message": "Linker successfully found a product based on ean an description"
    },
    "foundStatus": {
      "status": true,
      "message": "Product is successfully found in AH webshop"
    },
    "requestStatus": {
      "status": true,
      "message": "Product is successfully created in IsItLive"
    },
    "processTime": "684ms"
  },
  {
    "ean": "9008703000717",
    "opco": "Bullit",
    "productDescription": "Energy drink suikervrij 6-pack",
    "linkerStatus": {
      "status": true,
      "message": "Linker successfully found a product based on ean an description"
    },
    "foundStatus": {
      "status": true,
      "message": "Product is successfully found in AH webshop"
    },
    "requestStatus": {
      "status": true,
      "message": "Product is successfully created in IsItLive"
    },
    "processTime": "988ms"
  },
  {
    "ean": "8728500999939",
    "opco": "Bullit",
    "productDescription": "Energy drink suikervrij 24-pack",
    "linkerStatus": {
      "status": true,
      "message": "Linker successfully found a product based on ean an description"
    },
    "foundStatus": {
      "status": true,
      "message": "Product is successfully found in AH webshop"
    },
    "requestStatus": {
      "status": true,
      "message": "Product is successfully created in IsItLive"
    },
    "processTime": "1495ms"
  },
  {
    "ean": "9008703000618",
    "opco": "Bullit",
    "productDescription": "Energy drink suikervrij rode bessen",
    "linkerStatus": {
      "status": true,
      "message": "Linker successfully found a product based on ean an description"
    },
    "foundStatus": {
      "status": true,
      "message": "Product is successfully found in AH webshop"
    },
    "requestStatus": {
      "status": true,
      "message": "Product is successfully created in IsItLive"
    },
    "processTime": "778ms"
  },
  {
    "ean": "9008703000625",
    "opco": "Bullit",
    "productDescription": "Energy drink suikervrij citrus",
    "linkerStatus": {
      "status": true,
      "message": "Linker successfully found a product based on ean an description"
    },
    "foundStatus": {
      "status": true,
      "message": "Product is successfully found in AH webshop"
    },
    "requestStatus": {
      "status": true,
      "message": "Product is successfully created in IsItLive"
    },
    "processTime": "650ms"
  },
  {
    "ean": "9008703000724",
    "opco": "Bullit",
    "productDescription": "Energy drink suikervrij mango",
    "linker": {
      "status": false,
      "message": "ERROR: there are 2 products found on the product description. But non matched the EAN code '9008703000724'"
    },
    "foundStatus": {
      "status": false,
      "message": "Cannot read properties of undefined (reading 'id')"
    },
    "requestStatus": {
      "status": false,
      "message": "Product request is missing required properties: \"ean\", \"productDescription\"!"
    },
    "processTime": "175ms"
  },
  {
    "ean": "9008703000700",
    "opco": "Bullit",
    "productDescription": "Energy drink suikervrij passievrucht",
    "linker": {
      "status": false,
      "message": "ERROR: there are 48 products found on the product description. But non matched the EAN code '9008703000700'"
    },
    "foundStatus": {
      "status": false,
      "message": "Cannot read properties of undefined (reading 'id')"
    },
    "requestStatus": {
      "status": false,
      "message": "Product request is missing required properties: \"ean\", \"productDescription\"!"
    },
    "processTime": "347ms"
  },
  {
    "ean": "8728500004275",
    "opco": "Bullit",
    "productDescription": "Energy drink 24-pack",
    "linkerStatus": {
      "status": true,
      "message": "Linker successfully found a product based on ean an description"
    },
    "foundStatus": {
      "status": true,
      "message": "Product is successfully found in AH webshop"
    },
    "requestStatus": {
      "status": true,
      "message": "Product is successfully created in IsItLive"
    },
    "processTime": "1409ms"
  },
  {
    "ean": "9002490100193",
    "opco": "Red Bull",
    "productDescription": "Energy drink 6-pack",
    "linkerStatus": {
      "status": true,
      "message": "Linker successfully found a product based on ean an description"
    },
    "foundStatus": {
      "status": true,
      "message": "Product is successfully found in AH webshop"
    },
    "requestStatus": {
      "status": true,
      "message": "Product is successfully created in IsItLive"
    },
    "processTime": "1817ms"
  },
  {
    "ean": "9002490100490",
    "opco": "Red Bull",
    "productDescription": "Energy drink 4-pack",
    "linkerStatus": {
      "status": true,
      "message": "Linker successfully found a product based on ean an description"
    },
    "foundStatus": {
      "status": true,
      "message": "Product is successfully found in AH webshop"
    },
    "requestStatus": {
      "status": true,
      "message": "Product is successfully created in IsItLive"
    },
    "processTime": "605ms"
  },
  {
    "ean": "9002490100094",
    "opco": "Red Bull",
    "productDescription": "Energy drink 24-pack",
    "linkerStatus": {
      "status": true,
      "message": "Linker successfully found a product based on ean an description"
    },
    "foundStatus": {
      "status": true,
      "message": "Product is successfully found in AH webshop"
    },
    "requestStatus": {
      "status": true,
      "message": "Product is successfully created in IsItLive"
    },
    "processTime": "1425ms"
  },
  {
    "ean": "9002490251093",
    "opco": "Red Bull",
    "productDescription": "Energy drink 12-pack",
    "linkerStatus": {
      "status": true,
      "message": "Linker successfully found a product based on ean an description"
    },
    "foundStatus": {
      "status": true,
      "message": "Product is successfully found in AH webshop"
    },
    "requestStatus": {
      "status": true,
      "message": "Product is successfully created in IsItLive"
    },
    "processTime": "1806ms"
  },
  {
    "ean": "8728500002714",
    "opco": "Bullit",
    "productDescription": "Energy drink",
    "linkerStatus": {
      "status": true,
      "message": "Linker successfully found a product based on ean an description"
    },
    "foundStatus": {
      "status": true,
      "message": "Product is successfully found in AH webshop"
    },
    "requestStatus": {
      "status": true,
      "message": "Product is successfully created in IsItLive"
    },
    "processTime": "767ms"
  },
  {
    "ean": "8728500998826",
    "opco": "Bullit",
    "productDescription": "Energy drink 6-pack",
    "linkerStatus": {
      "status": true,
      "message": "Linker successfully found a product based on ean an description"
    },
    "foundStatus": {
      "status": true,
      "message": "Product is successfully found in AH webshop"
    },
    "requestStatus": {
      "status": true,
      "message": "Product is successfully created in IsItLive"
    },
    "processTime": "1353ms"
  }
]