[{
  "_id": {
    "$oid": "63775dca4a8310467a90f33d"
  },
  "name": "albertHeijn",
  "image": "./images/albertHeijn_logo.png",
  "createdAt": {
    "$date": {
      "$numberLong": "1668767178024"
    }
  },
  "updatedAt": {
    "$date": {
      "$numberLong": "1668767178024"
    }
  },
  "__v": 0
},{
  "_id": {
    "$oid": "6389f154345857f06428f345"
  },
  "name": "jumbo",
  "image": "./images/jumbo_logo.png",
  "createdAt": {
    "$date": {
      "$numberLong": "1669984596221"
    }
  },
  "updatedAt": {
    "$date": {
      "$numberLong": "1669984596221"
    }
  },
  "__v": 0
}]