[
    {
        "ean": "90162909",
        "title": "Red Bull Energy Drink - 250ml",
        "shortDescription1":"Red Bull Energy Drink wordt wereldwijd gewaardeerd door topsporters. • Stimuleert Lichaam en Geest • Bevat cafeïne, taurine, vitamine B, suiker en water • De hoeveelheid suiker in een blikje van 250ml is vergelijkbaar met frisdrank: 11g/100ml • De hoeveelheid cafeïne in een blikje van 250ml is vergelijkbaar met een kopje koffie: 32mg/100ml Energiedranken van Red Bull zijn te drinken als je onderweg bent, tijdens colleges en studiesessies, op het werk, tijdens het sporten, het spelen van videospelletjes, of tijdens het uitgaan, dag en nacht. Aluminium blik is oneindig recyclebaar na verzameling. Gooi je blikje daarom in de prullenbak en help zo het milieu.",
        "shortDescription2":"Stimuleert Lichaam en Geest. Red Bull Energy Drink wordt wereldwijd gewaardeerd door topatleten en studenten. Red Bull houdt je scherp, niet alleen tijdens het sporten of studeren maar ook bij prestatiegericht werk en lange autoritten. Het is een functionele drank die je vleugels geeft wanneer je ze nodig hebt.",
        "bulletPoints":["Stimuleert Lichaam en Geest®","Een blikje bestaat uit 250ml en bevat cafeïne, taurine, vitamine B, suiker en water","De hoeveelheid suiker is vergelijkbaar met frisdrank: 11g/100ml","De hoeveelheid cafeïne is vergelijkbaar met een kopje koffie: 32mg/100ml"]
    },
    {
        "ean": "9002490100490",
        "title": "Red Bull Energy Drink 4-pack - 4x250ml",
        "shortDescription1":"Red Bull Energy Drink wordt wereldwijd gewaardeerd door topsporters. • Stimuleert Lichaam en Geest® • De hoeveelheid suiker is vergelijkbaar met frisdrank: 11g/100ml • De hoeveelheid cafeïne is vergelijkbaar met een kopje koffie: 32mg/100ml • Een 4-pack bestaat uit 4 blikjes Red Bull Energy Drink van 250ml Energiedranken van Red Bull zijn te drinken als je onderweg bent, tijdens colleges en studiesessies, op het werk, tijdens het sporten, het spelen van videospelletjes, of tijdens het uitgaan, dag en nacht. Aluminium blik is oneindig recyclebaar na verzameling. Gooi je blikje daarom in de prullenbak en help zo het milieu.",
        "shortDescription2":"Stimuleert Lichaam en Geest. Red Bull Energy Drink wordt wereldwijd gewaardeerd door topatleten en studenten. Red Bull houdt je scherp, niet alleen tijdens het sporten of studeren maar ook bij prestatiegericht werk en lange autoritten. Het is een functionele drank die je vleugels geeft wanneer je ze nodig hebt.",
        "bulletPoints":["Stimuleert Lichaam en Geest®","Bevat cafeïne, taurine, vitamine B, suiker en water","De hoeveelheid cafeïne is vergelijkbaar met een kopje koffie: 32mg/100ml","Een 4-pack bestaat uit 4 blikjes Red Bull Energy Drink van 250ml"]
    },
    {
        "ean": "9002490100193",
        "title": "Red Bull Energy Drink 6-pack - 6x250ml",
        "shortDescription1":"Red Bull Energy Drink wordt wereldwijd gewaardeerd door topsporters. • Stimuleert Lichaam en Geest® • De hoeveelheid suiker is vergelijkbaar met frisdrank: 11g/100ml • De hoeveelheid cafeïne is vergelijkbaar met een kopje koffie: 32mg/100ml • Een 6-pack bestaat uit 6 blikjes Red Bull Energy Drink van 250ml Energiedranken van Red Bull zijn te drinken als je onderweg bent, tijdens colleges en studiesessies, op het werk, tijdens het sporten, het spelen van videospelletjes, of tijdens het uitgaan, dag en nacht. Aluminium blik is oneindig recyclebaar na verzameling. Gooi je blikje daarom in de prullenbak en help zo het milieu.",
        "shortDescription2":"Stimuleert Lichaam en Geest. Red Bull Energy Drink wordt wereldwijd gewaardeerd door topatleten en studenten. Red Bull houdt je scherp, niet alleen tijdens het sporten of studeren maar ook bij prestatiegericht werk en lange autoritten. Het is een functionele drank die je vleugels geeft wanneer je ze nodig hebt.",
        "bulletPoints":["Stimuleert Lichaam en Geest®","Bevat cafeïne, taurine, vitamine B, suiker en water","De hoeveelheid cafeïne is vergelijkbaar met een kopje koffie: 32mg/100ml","Een 6-pack bestaat uit 6 blikjes Red Bull Energy Drink van 250ml"]
    },
    {
        "ean": "9002490100094",
        "title": "Red Bull Energy Drink 24-pack - 24x250ml",
        "shortDescription1":"Red Bull Energy Drink wordt wereldwijd gewaardeerd door topsporters. • Stimuleert Lichaam en Geest • De hoeveelheid suiker is vergelijkbaar met frisdrank: 11g/100ml • De hoeveelheid cafeïne is vergelijkbaar met een kopje koffie: 32mg/100ml • Een 24-pack bestaat uit 24 blikjes Red Bull Energy Drink van 250ml Energiedranken van Red Bull zijn te drinken als je onderweg bent, tijdens colleges en studiesessies, op het werk, tijdens het sporten, het spelen van videospelletjes, of tijdens het uitgaan, dag en nacht. Aluminium blik is oneindig recyclebaar na verzameling. Gooi je blikje daarom in de prullenbak en help zo het milieu.",
        "shortDescription2":"Stimuleert Lichaam en Geest. Red Bull Energy Drink wordt wereldwijd gewaardeerd door topatleten en studenten. Red Bull houdt je scherp, niet alleen tijdens het sporten of studeren maar ook bij prestatiegericht werk en lange autoritten. Het is een functionele drank die je vleugels geeft wanneer je ze nodig hebt.",
        "bulletPoints":["Stimuleert Lichaam en Geest®","Bevat cafeïne, taurine, vitamine B, suiker en water","De hoeveelheid cafeïne is vergelijkbaar met een kopje koffie: 32mg/100ml","Een 24-pack bestaat uit 24 blikjes Red Bull Energy Drink van 250ml"]
    },
    {
        "ean": "9002490251093",
        "title": "Red Bull Energy Drink 12-pack - 12x250ml",
        "shortDescription1":"Wat zit er in een blikje van 250ml? Cafeïne: cafeïne was al bekend bij onze voorouders om haar stimulerende effecten op het menselijk lichaam. Zij consumeerden het via natuurlijke bronnen zoals thee, koffie, cacaobonen en kolanoten. Taurine: is een aminozuur dat van nature voorkomt in het menselijk lichaam en onderdeel uitmaakt van de dagelijkse voeding. Dit bestandsdeel wordt gebruikt voor een breed scala aan biologische processen. Vitamine B: vitaminen zijn essentiële micronutriënten ter ondersteuning van lichaamsfuncties bijvoorbeeld de stofwisseling. Suiker: Red Bull Energy Drink wordt gemaakt van suiker uit suikerbieten. Een gevarieerd en evenwichtig voedingspatroon en een gezonde levensstijl zijn aanbevolen. Energiedranken van Red Bull zijn te drinken als je onderweg bent, tijdens colleges en studiesessies, op het werk, tijdens het sporten, het spelen van videospelletjes, of tijdens het uitgaan, dag en nacht.",
        "shortDescription2":"Stimuleert Lichaam en Geest. Red Bull Energy Drink wordt wereldwijd gewaardeerd door topatleten en studenten. Red Bull houdt je scherp, niet alleen tijdens het sporten of studeren maar ook bij prestatiegericht werk en lange autoritten. Het is een functionele drank die je vleugels geeft wanneer je ze nodig hebt.",
        "bulletPoints":["Stimuleert Lichaam en Geest®","Bevat cafeïne, taurine, vitamine B, suiker en water","De hoeveelheid cafeïne is vergelijkbaar met een kopje koffie: 32mg/100ml","Een 12-pack bestaat uit 12 blikjes Red Bull Energy Drink van 250ml"]
    },
    {
        "ean": "8728500002714",
        "title": "Bullit Energy Drink -250ml",
        "shortDescription1":"Bullit Energy Drink geeft je de energie die je nodig hebt in vele dagelijkse situaties. • IJskoud het lekkerst • Bevat water, suiker, taurine, cafeïne en vitamine B • De hoeveelheid suiker is vergelijkbaar met frisdrank: circa 11g/100ml • De hoeveelheid cafeïne is vergelijkbaar met een kop koffie: 32mg/100ml",
        "shortDescription2":"Bullit Energy Drink is een functionele drank die jou in vele dagelijkse situaties goed van pas komt en jou van energie voorziet. Bullit Energy Drink is er in verschillende smaken en te verkrijgen in een Sugarfree variant.",
        "bulletPoints":["Ijskoud het lekkerst","Bevat water, suiker, taurine, cafeïne en vitamine B","De hoeveelheid suiker is vergelijkbaar met frisdrank: circa 11g/100ml","De hoeveelheid cafeïne is vergelijkbaar met een kop koffie: 32mg/100ml"]
    },
    {
        "ean": "8728500998826",
        "title": "Bullit Energy Drink 6-pack - 6x250ml",
        "shortDescription1":"Bullit Energy Drink geeft je de energie die je nodig hebt in vele dagelijkse situaties. • IJskoud het lekkerst • Bevat water, suiker, taurine, cafeïne en vitamine B • De hoeveelheid suiker is vergelijkbaar met frisdrank: circa 11g/100ml • De hoeveelheid cafeïne is vergelijkbaar met een kop koffie: 32mg/100ml",
        "shortDescription2":"Bullit Energy Drink is een functionele drank die jou in vele dagelijkse situaties goed van pas komt en jou van energie voorziet. Bullit Energy Drink is er in verschillende smaken en te verkrijgen in een Sugarfree variant.",
        "bulletPoints":["Ijskoud het lekkerst","Bevat water, suiker, taurine, cafeïne en vitamine B","De hoeveelheid suiker is vergelijkbaar met frisdrank: circa 11g/100ml","De hoeveelheid cafeïne is vergelijkbaar met een kop koffie: 32mg/100ml"]
    },
    {
        "ean": "8728500004275",
        "title": "Bullit Energy Drink 24-pack - 24x250ml",
        "shortDescription1":"Bullit Energy Drink geeft je de energie die je nodig hebt in vele dagelijkse situaties. • IJskoud het lekkerst • Bevat water, suiker, taurine, cafeïne en vitamine B • De hoeveelheid suiker is vergelijkbaar met frisdrank: circa 11g/100ml • De hoeveelheid cafeïne is vergelijkbaar met een kop koffie: 32mg/100ml",
        "shortDescription2":"Bullit Energy Drink is een functionele drank die jou in vele dagelijkse situaties goed van pas komt en jou van energie voorziet. Bullit Energy Drink is er in verschillende smaken en te verkrijgen in een Sugarfree variant.",
        "bulletPoints":["Ijskoud het lekkerst","Bevat water, suiker, taurine, cafeïne en vitamine B","De hoeveelheid suiker is vergelijkbaar met frisdrank: circa 11g/100ml","De hoeveelheid cafeïne is vergelijkbaar met een kop koffie: 32mg/100ml"]
    },
    {
        "ean": "8728500999922",
        "title": "Bullit Energy Drink suikervrij - 250ml",
        "shortDescription1":"Bullit Sugarfree smaakt iets anders dan Bullit Energy Drink, omdat het andere zoetstoffen bevat. • Bullit Sugarfree is te herkennen aan de lichtere kleur van het blikje • IJskoud het lekkerst • Bevat water, zoetstoffen, taurine, cafeïne en vitamine B • De hoeveelheid cafeïne is vergelijkbaar met een kop koffie: 32mg/100ml",
        "shortDescription2":"Bullit Energy Drink is een functionele drank die jou in vele dagelijkse situaties goed van pas komt en jou van energie voorziet. Bullit Energy Drink is er in verschillende smaken en te verkrijgen in een Sugarfree variant.",
        "bulletPoints":["Bullit Sugarfree is te herkennen aan de lichtere kleur van het blikje","Ijskoud het lekkerst","Bevat water, zoetstoffen, taurine, cafeïne en vitamine B","De hoeveelheid cafeïne is vergelijkbaar met een kop koffie: 32mg/100ml"]
    },
    {
        "ean": "9008703000717",
        "title": "Bullit Energy Drink suikervrij 6-pack - 6x250ml",
        "shortDescription1":"Bullit Sugarfree smaakt iets anders dan Bullit Energy Drink, omdat het andere zoetstoffen bevat. • Bullit Sugarfree is te herkennen aan de lichtere kleur van het blikje • IJskoud het lekkerst • Bevat water, zoetstoffen, taurine, cafeïne en vitamine B • De hoeveelheid cafeïne is vergelijkbaar met een kop koffie: 32mg/100ml",
        "shortDescription2":"Bullit Energy Drink is een functionele drank die jou in vele dagelijkse situaties goed van pas komt en jou van energie voorziet. Bullit Energy Drink is er in verschillende smaken en te verkrijgen in een Sugarfree variant.",
        "bulletPoints":["Bullit Sugarfree is te herkennen aan de lichtere kleur van het blikje","Ijskoud het lekkerst","Bevat water, zoetstoffen, taurine, cafeïne en vitamine B","De hoeveelheid cafeïne is vergelijkbaar met een kop koffie: 32mg/100ml"]
    },
    {
        "ean": "8728500999939",
        "title": "Bullit Energy Drink suikervrij 24-pack - 24x250ml",
        "shortDescription1":"Niet aanbevolen voor kinderen en vrouwen die zwanger zijn of borstvoeding geven (30mg/100ml). Hoog cafeïnegehalte. Gepasteuriseerd.",
        "shortDescription2":"Bullit Energy Drink is een functionele drank die jou in vele dagelijkse situaties goed van pas komt en jou van energie voorziet. Bullit Energy Drink is er in verschillende smaken en te verkrijgen in een Sugarfree variant.",
        "bulletPoints":["Bullit Sugarfree is te herkennen aan de lichtere kleur van het blikje","Ijskoud het lekkerst","Bevat water, zoetstoffen, taurine, cafeïne en vitamine B","De hoeveelheid cafeïne is vergelijkbaar met een kop koffie: 32mg/100ml"]
    },
    {
        "ean": "9008703000618",
        "title": "Bullit Energy Drink suikervrij rode bessen - 250ml",
        "shortDescription1":"Bullit Full Berry heeft de zoete smaak van rode bessen en bevat geen suikers, maar andere zoetstoffen. • Bullit Full Berry is te herkennen aan de roodachtige kleur van het blikje • IJskoud het lekkerst • Bevat water, zoetstoffen, taurine, cafeïne en vitamine B • De hoeveelheid cafeïne is vergelijkbaar met een kop koffie: 32mg/100ml",
        "shortDescription2":"Bullit Energy Drink is een functionele drank die jou in vele dagelijkse situaties goed van pas komt en jou van energie voorziet. Bullit Energy Drink is er in verschillende smaken en te verkrijgen in een Sugarfree variant.",
        "bulletPoints":["Bullit Full Berry is te herkennen aan de roodachtige kleur van het blikje","Ijskoud het lekkerst","Bevat water, zoetstoffen, taurine, cafeïne en vitamine B","De hoeveelheid cafeïne is vergelijkbaar met een kop koffie: 32mg/100ml"]
    },
    {
        "ean": "9008703000625",
        "title": "Bullit Energy Drink suikervrij citrus - 250ml",
        "shortDescription1":"Bullit Citrus Splash heeft de frisse smaak van citrus en bevat geen suikers, maar andere zoetstoffen. • Bullit Citrus Splash is te herkennen aan de blauwachtige kleur van het blikje • IJskoud het lekkerst • Bevat water, zoetstoffen, taurine, cafeïne en vitamine B • De hoeveelheid cafeïne is vergelijkbaar met een kop koffie: 32mg/100ml",
        "shortDescription2":"Bullit Energy Drink is een functionele drank die jou in vele dagelijkse situaties goed van pas komt en jou van energie voorziet. Bullit Energy Drink is er in verschillende smaken en te verkrijgen in een Sugarfree variant.",
        "bulletPoints":["Bullit Citrus Splash is te herkennen aan de blauwachtige kleur van het blikje","Ijskoud het lekkerst","Bevat water, zoetstoffen, taurine, cafeïne en vitamine B","De hoeveelheid cafeïne is vergelijkbaar met een kop koffie: 32mg/100ml"]
    },
    {
        "ean": "9008703000724",
        "title": "Bullit Energy Drink suikervrij mango - 250ml",
        "shortDescription1":"Niet aanbevolen voor kinderen en vrouwen die zwanger zijn of borstvoeding geven (30mg/100ml). Hoog cafeïnegehalte. Gepasteuriseerd.",
        "shortDescription2":"Bullit Energy Drink is een functionele drank die jou in vele dagelijkse situaties goed van pas komt en jou van energie voorziet. Bullit Energy Drink is er in verschillende smaken en te verkrijgen in een Sugarfree variant.",
        "bulletPoints":["Bullit Mango Miracle is te herkennen aan de oranje kleur van het blikje","Ijskoud het lekkerst","Bevat water, zoetstoffen, taurine, cafeïne en vitamine B","De hoeveelheid cafeïne is vergelijkbaar met een kop koffie: 32mg/100ml"]
    },
    {
        "ean": "9008703000700",
        "title": "Bullit Energy Drink suikervrij passievrucht - 250ml",
        "shortDescription1":"Niet aanbevolen voor kinderen en vrouwen die zwanger zijn of borstvoeding geven (30mg/100ml). Hoog cafeïnegehalte. Gepasteuriseerd.",
        "shortDescription2":"Bullit Energy Drink is een functionele drank die jou in vele dagelijkse situaties goed van pas komt en jou van energie voorziet. Bullit Energy Drink is er in verschillende smaken en te verkrijgen in een Sugarfree variant.",
        "bulletPoints":["Bullit Crazy Passion is te herkennen aan de paarse kleur van het blikje","Ijskoud het lekkerst","Bevat water, zoetstoffen, taurine, cafeïne en vitamine B","De hoeveelheid cafeïne is vergelijkbaar met een kop koffie: 32mg/100ml"]
    }
]