[
    {
        "ean": "90162909",
        "productDescription": "Energy drink",
        "unitSize": "250 ml",
        "opco": "Red Bull",
        "description": "Red Bull Energy Drink wordt wereldwijd gewaardeerd door topsporters.",
        "points": ["Stimuleert Lichaam en Geest®", "Bevat cafeïne, taurine, vitamine B, suiker en water", "Het suikergehalte van een blikje is gelijk aan frisdrank: 11g/100ml", "Het cafeïnegehalte van een blikje is gelijk aan een kop koffie: 32mg/100ml"],
        "optionalDescription": "<p>Red Bull Energy Drink wordt wereldwijd gewaardeerd door topsporters.</p><p>• Stimuleert Lichaam en Geest</p><p>• Bevat cafeïne, taurine, vitamine B, suiker en water</p><p>• De hoeveelheid suiker in een blikje van 250ml is vergelijkbaar met frisdrank: 11g/100ml</p><p>• De hoeveelheid cafeïne in een blikje van 250ml is vergelijkbaar met een kopje koffie: 32mg/100ml</p><p>Energiedranken van Red Bull zijn te drinken als je onderweg bent, tijdens colleges en studiesessies, op het werk, tijdens het sporten, het spelen van videospelletjes, of tijdens het uitgaan, dag en nacht. Aluminium blik is oneindig recyclebaar na verzameling. Gooi je blikje daarom in de prullenbak en help zo het milieu.</p>"
    },
    {
        "ean": "9002490100490",
        "productDescription": "Energy drink 4-pack",
        "unitSize": "4 x",
        "opco": "Red Bull",
        "description": "Red Bull Energy Drink wordt wereldwijd gewaardeerd door topsporters.",
        "points": ["Stimuleert Lichaam en Geest®", "Het suikergehalte van een blikje is gelijk aan frisdrank: 11g/100ml", "Het cafeïnegehalte van een blikje is gelijk aan een kop koffie: 32mg/100ml", "Een 4-pack bevat 4 blikjes van 250ml"],
        "optionalDescription": "<p>Red Bull Energy Drink wordt wereldwijd gewaardeerd door topsporters.</p><p>• Stimuleert Lichaam en Geest®</p><p>• De hoeveelheid suiker is vergelijkbaar met frisdrank: 11g/100ml</p><p>• De hoeveelheid cafeïne is vergelijkbaar met een kopje koffie: 32mg/100ml</p><p>• Een 4-pack bestaat uit 4 blikjes Red Bull Energy Drink van 250ml</p><p>Energiedranken van Red Bull zijn te drinken als je onderweg bent, tijdens colleges en studiesessies, op het werk, tijdens het sporten, het spelen van videospelletjes, of tijdens het uitgaan, dag en nacht. Aluminium blik is oneindig recyclebaar na verzameling. Gooi je blikje daarom in de prullenbak en help zo het milieu.</p>"
    },
    {
        "ean": "9002490100193",
        "productDescription": "Energy drink 6-pack",
        "unitSize": "6 x",
        "opco": "Red Bull",
        "description": "Red Bull Energy Drink wordt wereldwijd gewaardeerd door topsporters.",
        "points": ["Stimuleert Lichaam en Geest®", "Het suikergehalte van een blikje is gelijk aan frisdrank: 11g/100ml", "Het cafeïnegehalte van een blikje is gelijk aan een kop koffie: 32mg/100ml", "Een 6-pack bevat 6 blikjes van 250ml"],
        "optionalDescription": "<p>Red Bull Energy Drink wordt wereldwijd gewaardeerd door topsporters.</p><p>• Stimuleert Lichaam en Geest®</p><p>• De hoeveelheid suiker is vergelijkbaar met frisdrank: 11g/100ml</p><p>• De hoeveelheid cafeïne is vergelijkbaar met een kopje koffie: 32mg/100ml</p><p>• Een 6-pack bestaat uit 6 blikjes Red Bull Energy Drink van 250ml</p><p>Energiedranken van Red Bull zijn te drinken als je onderweg bent, tijdens colleges en studiesessies, op het werk, tijdens het sporten, het spelen van videospelletjes, of tijdens het uitgaan, dag en nacht. Aluminium blik is oneindig recyclebaar na verzameling. Gooi je blikje daarom in de prullenbak en help zo het milieu.</p>"
    },
    {
        "ean": "9002490100094",
        "productDescription": "Energy drink 24-pack",
        "unitSize": "24 x",
        "opco": "Red Bull",
        "description": "Red Bull Energy Drink wordt wereldwijd gewaardeerd door topsporters.",
        "points": ["Stimuleert Lichaam en Geest®", "Het suikergehalte van een blikje is gelijk aan frisdrank: 11g/100ml", "Het cafeïnegehalte van een blikje is gelijk aan een kop koffie: 32mg/100ml", "Een 24-pack bevat 24 blikjes van 250ml"],
        "optionalDescription": "<p>Red Bull Energy Drink wordt wereldwijd gewaardeerd door topsporters.</p><p>• Stimuleert Lichaam en Geest</p><p>• De hoeveelheid suiker is vergelijkbaar met frisdrank: 11g/100m</p><p>l• De hoeveelheid cafeïne is vergelijkbaar met een kopje koffie: 32mg/100ml</p><p>• Een 24-pack bestaat uit 24 blikjes Red Bull Energy Drink van 250ml</p><p>Energiedranken van Red Bull zijn te drinken als je onderweg bent, tijdens colleges en studiesessies, op het werk, tijdens het sporten, het spelen van videospelletjes, of tijdens het uitgaan, dag en nacht. Aluminium blik is oneindig recyclebaar na verzameling. Gooi je blikje daarom in de prullenbak en help zo het milieu.</p>"
    },
    {
        "ean": "9002490251093",
        "productDescription": "Energy drink 12-pack",
        "unitSize": "12 x",
        "opco": "Red Bull",
        "description": "Red Bull Energy Drink wordt wereldwijd gewaardeerd door topsporters.",
        "points": ["Stimuleert Lichaam en Geest®", "Het suikergehalte van een blikje is gelijk aan frisdrank: 11g/100ml", "Het cafeïnegehalte van een blikje is gelijk aan een kop koffie: 32mg/100ml", "Een 12-pack bevat 12 blikjes van 250ml"],
        "optionalDescription": "<p>Wat zit er in een blikje van 250ml? Cafeïne: cafeïne was al bekend bij onze voorouders om haar stimulerende effecten op het menselijk lichaam. Zij consumeerden het via natuurlijke bronnen zoals thee, koffie, cacaobonen en kolanoten. Taurine: is een aminozuur dat van nature voorkomt in het menselijk lichaam en onderdeel uitmaakt van de dagelijkse voeding. Dit bestandsdeel wordt gebruikt voor een breed scala aan biologische processen. Vitamine B: vitaminen zijn essentiële micronutriënten ter ondersteuning van lichaamsfuncties bijvoorbeeld de stofwisseling. Suiker: Red Bull Energy Drink wordt gemaakt van suiker uit suikerbieten. Een gevarieerd en evenwichtig voedingspatroon en een gezonde levensstijl zijn aanbevolen. Energiedranken van Red Bull zijn te drinken als je onderweg bent, tijdens colleges en studiesessies, op het werk, tijdens het sporten, het spelen van videospelletjes, of tijdens het uitgaan, dag en nacht.</p>"
    },
    {
        "ean": "8728500002714",
        "productDescription": "Energy drink",
        "unitSize": "250 ml",
        "opco": "Bullit",
        "description": "Bullit Energy Drink geeft je de energie die je nodig hebt in vele dagelijkse situaties.",
        "points": ["Ijskoud het lekkerst", "Bevat water, suiker, taurine, cafeïne en vitamine B", "De hoeveelheid suiker is vergelijkbaar met frisdrank: circa 11g/100ml", "De hoeveelheid cafeïne is vergelijkbaar met een kop koffie: 32mg/100ml"],

        "optionalDescription": "<p>Bullit Energy Drink geeft je de energie die je nodig hebt in vele dagelijkse situaties.</p><p>• IJskoud het lekkerst</p><p>• Bevat water, suiker, taurine, cafeïne en vitamine B</p><p>• De hoeveelheid suiker is vergelijkbaar met frisdrank: circa 11g/100ml</p><p>• De hoeveelheid cafeïne is vergelijkbaar met een kop koffie: 32mg/100ml.</p>"
    },
    {
        "ean": "8728500998826",
        "productDescription": "Energy drink 6-pack",
        "unitSize": "6 x",
        "opco": "Bullit",
        "description": "Bullit Energy Drink geeft je de energie die je nodig hebt in vele dagelijkse situaties.",
        "points": ["Ijskoud het lekkerst", "Bevat water, suiker, taurine, cafeïne en vitamine B", "De hoeveelheid suiker is vergelijkbaar met frisdrank: circa 11g/100ml", "De hoeveelheid cafeïne is vergelijkbaar met een kop koffie: 32mg/100ml"],

        "optionalDescription": "<p>Bullit Energy Drink geeft je de energie die je nodig hebt in vele dagelijkse situaties.</p><p>• IJskoud het lekkerst</p><p>• Bevat water, suiker, taurine, cafeïne en vitamine B</p><p>• De hoeveelheid suiker is vergelijkbaar met frisdrank: circa 11g/100ml</p><p>• De hoeveelheid cafeïne is vergelijkbaar met een kop koffie: 32mg/100ml</p>"
    },
    {
        "ean": "8728500004275",
        "productDescription": "Energy drink 24-pack",
        "unitSize": "24 x",
        "opco": "Bullit",
        "description": "Bullit Energy Drink geeft je de energie die je nodig hebt in vele dagelijkse situaties.",
        "points": ["Ijskoud het lekkerst", "Bevat water, suiker, taurine, cafeïne en vitamine B", "De hoeveelheid suiker is vergelijkbaar met frisdrank: circa 11g/100ml", "De hoeveelheid cafeïne is vergelijkbaar met een kop koffie: 32mg/100ml"],

        "optionalDescription": "<p>Bullit Energy Drink geeft je de energie die je nodig hebt in vele dagelijkse situaties.</p><p>• IJskoud het lekkerst</p><p>• Bevat water, suiker, taurine, cafeïne en vitamine B</p><p>• De hoeveelheid suiker is vergelijkbaar met frisdrank: circa 11g/100ml</p><p>• De hoeveelheid cafeïne is vergelijkbaar met een kop koffie: 32mg/100ml</p>"
    },
    {
        "ean": "8728500999922",
        "productDescription": "Energy drink suikervrij",
        "unitSize": "250 ml",
        "opco": "Bullit",
        "description": "Bullit Sugarfree smaakt iets anders dan Bullit Energy Drink, omdat het andere zoetstoffen bevat.",
        "points": ["Bullit Sugarfree is te herkennen aan de lichtere kleur van het blikje", "Ijskoud het lekkerst", "Bevat water, zoetstoffen, taurine, cafeïne en vitamine B", "De hoeveelheid cafeïne is vergelijkbaar met een kop koffie: 32mg/100ml"],

        "optionalDescription": "<p>Bullit Sugarfree smaakt iets anders dan Bullit Energy Drink, omdat het andere zoetstoffen bevat.</p><p>• Bullit Sugarfree is te herkennen aan de lichtere kleur van het blikje</p><p>• IJskoud het lekkerst</p><p>• Bevat water, zoetstoffen, taurine, cafeïne en vitamine B</p><p>• De hoeveelheid cafeïne is vergelijkbaar met een kop koffie: 32mg/100ml</p>"
    },
    {
        "ean": "9008703000717",
        "productDescription": "Energy drink suikervrij 6-pack",
        "unitSize": "6 x",
        "opco": "Bullit",
        "description": "Bullit Sugarfree smaakt iets anders dan Bullit Energy Drink, omdat het andere zoetstoffen bevat.",
        "points": ["Bullit Sugarfree is te herkennen aan de lichtere kleur van het blikje", "Ijskoud het lekkerst", "Bevat water, zoetstoffen, taurine, cafeïne en vitamine B", "De hoeveelheid cafeïne is vergelijkbaar met een kop koffie: 32mg/100ml"],

        "optionalDescription": "<p>Bullit Sugarfree smaakt iets anders dan Bullit Energy Drink, omdat het andere zoetstoffen bevat.</p><p>• Bullit Sugarfree is te herkennen aan de lichtere kleur van het blikje</p><p>• IJskoud het lekkerst</p><p>• Bevat water, zoetstoffen, taurine, cafeïne en vitamine B</p><p>• De hoeveelheid cafeïne is vergelijkbaar met een kop koffie: 32mg/100ml</p>"
    },
    {
        "ean": "8728500999939",
        "productDescription": "Energy drink suikervrij 24-pack",
        "unitSize": "24 x",
        "opco": "Bullit",
        "description": "Bullit Sugarfree smaakt iets anders dan Bullit Energy Drink, omdat het andere zoetstoffen bevat.",
        "points": ["Bullit Sugarfree is te herkennen aan de lichtere kleur van het blikje", "Ijskoud het lekkerst", "Bevat water, zoetstoffen, taurine, cafeïne en vitamine B", "De hoeveelheid cafeïne is vergelijkbaar met een kop koffie: 32mg/100ml"],

        "optionalDescription": "<p>Niet aanbevolen voor kinderen en vrouwen die zwanger zijn of borstvoeding geven (30mg/100ml). Hoog cafeïnegehalte. Gepasteuriseerd.</p>"
    },
    {
        "ean": "9008703000618",
        "productDescription": "Energy drink suikervrij rode bessen",
        "unitSize": "250 ml",
        "opco": "Bullit",
        "description": "Bullit Full Berry heeft de zoete smaak van rode bessen en bevat geen suiker, maar andere zoetstoffen.",
        "points": ["Bullit Full Berry is te herkennen aan de roodachtige kleur van het blikje", "Ijskoud het lekkerst", "Bevat water, zoetstoffen, taurine, cafeïne en vitamine B", "De hoeveelheid cafeïne is vergelijkbaar met een kop koffie: 32mg/100ml"],

        "optionalDescription": "<p>Bullit Full Berry heeft de zoete smaak van rode bessen en bevat geen suikers, maar andere zoetstoffen.</p><p>• Bullit Full Berry is te herkennen aan de roodachtige kleur van het blikje</p><p>• IJskoud het lekkerst</p><p>• Bevat water, zoetstoffen, taurine, cafeïne en vitamine B</p><p>• De hoeveelheid cafeïne is vergelijkbaar met een kop koffie: 32mg/100ml</p>"
    },
    {
        "ean": "9008703000625",
        "productDescription": "Energy drink suikervrij citrus",
        "unitSize": "250 ml",
        "opco": "Bullit",
        "description": "Bullit Citrus Splash heeft de frisse smaak van citrus en bevat geen suikers, maar andere zoetstoffen.",
        "points": ["Bullit Citrus Splash is te herkennen aan de blauwachtige kleur van het blikje", "Ijskoud het lekkerst", "Bevat water, zoetstoffen, taurine, cafeïne en vitamine B", "De hoeveelheid cafeïne is vergelijkbaar met een kop koffie: 32mg/100ml"],

        "optionalDescription": "<p>Bullit Citrus Splash heeft de frisse smaak van citrus en bevat geen suikers, maar andere zoetstoffen.</p><p>• Bullit Citrus Splash is te herkennen aan de blauwachtige kleur van het blikje</p><p>• IJskoud het lekkerst</p><p>• Bevat water, zoetstoffen, taurine, cafeïne en vitamine B</p><p>• De hoeveelheid cafeïne is vergelijkbaar met een kop koffie: 32mg/100ml</p>"
    },
    {
        "ean": "9008703000724",
        "productDescription": "Energy drink suikervrij mango",
        "unitSize": "250 ml",
        "opco": "Bullit",
        "description": "Bullit Mango Miracle heeft de zoete smaak van mango en bevat geen suiker, maar andere zoetstoffen.",
        "points": ["Bullit Mango Miracle is te herkennen aan de oranje kleur van het blikje", "Ijskoud het lekkerst", "Bevat water, zoetstoffen, taurine, cafeïne en vitamine B", "De hoeveelheid cafeïne is vergelijkbaar met een kop koffie: 32mg/100ml"],

        "optionalDescription": "<p>Niet aanbevolen voor kinderen en vrouwen die zwanger zijn of borstvoeding geven (30mg/100ml). Hoog cafeïnegehalte. Gepasteuriseerd.</p>"
    },
    {
        "ean": "9008703000700",
        "productDescription": "Energy drink suikervrij passievrucht",
        "unitSize": "250 ml",
        "opco": "Bullit",
        "description": "Bullit Crazy Passion heeft de zoetzure smaak van passievrucht en bevat geen suiker, maar andere zoetstoffen.",
        "points": ["Ijskoud het lekkerst", "Bullit Crazy Passion is te herkennen aan de paarse kleur van het blikje", "Bevat water, zoetstoffen, taurine, cafeïne en vitamine B", "De hoeveelheid cafeïne is vergelijkbaar met een kop koffie: 32mg/100ml"],

        "optionalDescription": "<p>Niet aanbevolen voor kinderen en vrouwen die zwanger zijn of borstvoeding geven (30mg/100ml). Hoog cafeïnegehalte. Gepasteuriseerd.</p>"
    }
]
